Description,Data-Type,FDC-ID,Food-Code,Food-Category,Published
"100 % Natural Cereal, with oats, honey and raisins, Quaker",Survey (FNDDS),340680,57320500,"Ready-to-eatcereal,highersugar(>21.2g/100g)",2019-04-01
"Agutuk, fish/berry with seal oil (Alaskan ice cream) (Alaska Native)",SR Legacy,168976,,AmericanIndian/AlaskaNativeFoods,2019-04-01
"Agutuk, fish with shortening (Alaskan ice cream) (Alaska Native)",SR Legacy,169823,,AmericanIndian/AlaskaNativeFoods,2019-04-01
"Agave, raw (Southwest)",SR Legacy,169814,,AmericanIndian/AlaskaNativeFoods,2019-04-01
"Agave, dried (Southwest)",SR Legacy,168993,,AmericanIndian/AlaskaNativeFoods,2019-04-01
"Agave, cooked (Southwest)",SR Legacy,168992,,AmericanIndian/AlaskaNativeFoods,2019-04-01
Adobo (Filipino dish) with rice,Survey (FNDDS),341169,58150530,Poultrymixeddishes,2019-04-01
Adobo (Filipino dish) with noodles,Survey (FNDDS),341107,58137300,Poultrymixeddishes,2019-04-01
"Alcoholic beverage, whiskey sour, canned",SR Legacy,174810,,Beverages,2019-04-01
Almond butter,Survey (FNDDS),339460,42200500,Nutsandseeds,2019-04-01
Animal fat or drippings,Survey (FNDDS),343851,81201000,Butterandanimalfats,2019-04-01
"APPLEBEE'S, crunchy onion rings",SR Legacy,169840,,RestaurantFoods,2019-04-01
"Applesauce, stewed apples, with sugar",Survey (FNDDS),341511,63101130,Apples,2019-04-01
"Archway Home Style Cookies, Sugar Free Oatmeal",SR Legacy,175070,,BakedProducts,2019-04-01
"Asparagus, canned, regular pack, solids and liquids",SR Legacy,169206,,VegetablesandVegetableProducts,2019-04-01
"Babyfood, baked product, finger snacks cereal fortified",SR Legacy,169047,,BabyFoods,2019-04-01
"Babyfood, dessert, blueberry yogurt, strained",SR Legacy,168134,,BabyFoods,2019-04-01
"Babyfood, dessert, banana yogurt, strained",SR Legacy,168135,,BabyFoods,2019-04-01
"Babyfood, dessert, banana pudding, strained",SR Legacy,169872,,BabyFoods,2019-04-01
"Babyfood, crackers, vegetable",SR Legacy,170972,,BabyFoods,2019-04-01
"Babyfood, corn and sweet potatoes, strained",SR Legacy,172317,,BabyFoods,2019-04-01
"Babyfood, cookies, arrowroot",SR Legacy,171369,,BabyFoods,2019-04-01
"Babyfood, cookies",SR Legacy,170975,,BabyFoods,2019-04-01
"Babyfood, cookie, baby, fruit",SR Legacy,171368,,BabyFoods,2019-04-01
"Babyfood, cherry cobbler, junior",SR Legacy,170978,,BabyFoods,2019-04-01
"Babyfood, cereal, with eggs, strained",SR Legacy,171365,,BabyFoods,2019-04-01
"Babyfood, cereal, with egg yolks, strained",SR Legacy,170971,,BabyFoods,2019-04-01
"Babyfood, cereal, with egg yolks, junior",SR Legacy,171364,,BabyFoods,2019-04-01
"Babyfood, cereal, whole wheat, with apples, dry fortified",SR Legacy,171359,,BabyFoods,2019-04-01
"Babyfood, cereal, rice, with honey, prepared with whole milk",SR Legacy,172300,,BabyFoods,2019-04-01
"Babyfood, cereal, rice, with bananas, prepared with whole milk",SR Legacy,173534,,BabyFoods,2019-04-01
"Babyfood, cereal, rice, with bananas, dry",SR Legacy,170974,,BabyFoods,2019-04-01
"Babyfood, cereal, rice, with applesauce and bananas, strained",SR Legacy,170970,,BabyFoods,2019-04-01
"Babyfood, cereal, rice, prepared with whole milk",SR Legacy,172299,,BabyFoods,2019-04-01
,,,,,2019-04-01
"Babyfood, cereal, rice with pears and apple, dry, instant fortified",SR Legacy,167731,,BabyFoods,2019-04-01
"Babyfood, cereal, oatmeal, with honey, prepared with whole milk",SR Legacy,172298,,BabyFoods,2019-04-01
"Babyfood, cereal, oatmeal, with honey, dry",SR Legacy,170968,,BabyFoods,2019-04-01
"Babyfood, cereal, oatmeal, with bananas, prepared with whole milk",SR Legacy,172297,,BabyFoods,2019-04-01
"Babyfood, cereal, oatmeal, with bananas, dry",SR Legacy,171361,,BabyFoods,2019-04-01
"Babyfood, cereal, oatmeal, with applesauce and bananas, strained",SR Legacy,171362,,BabyFoods,2019-04-01
"Babyfood, cereal, oatmeal, with applesauce and bananas, junior, fortified",SR Legacy,171363,,BabyFoods,2019-04-01
"Babyfood, cereal, oatmeal, prepared with whole milk",SR Legacy,173531,,BabyFoods,2019-04-01
"Babyfood, cereal, Oatmeal, dry, GERBER, SINGLE GRAIN, fortified",SR Legacy,173509,,BabyFoods,2019-04-01
"Babyfood, cereal, oatmeal, dry fortified",SR Legacy,171360,,BabyFoods,2019-04-01
"Babyfood, cereal, mixed, with honey, prepared with whole milk",SR Legacy,173532,,BabyFoods,2019-04-01
"Babyfood, cereal, mixed, with bananas, prepared with whole milk",SR Legacy,173530,,BabyFoods,2019-04-01
"Babyfood, cereal, mixed, with bananas, dry",SR Legacy,170965,,BabyFoods,2019-04-01
"Babyfood, cereal, mixed, with applesauce and bananas, strained",SR Legacy,170966,,BabyFoods,2019-04-01
"Babyfood, cereal, mixed, with applesauce and bananas, junior, fortified",SR Legacy,170967,,BabyFoods,2019-04-01
"Babyfood, cereal, mixed, prepared with whole milk",SR Legacy,173529,,BabyFoods,2019-04-01
"Babyfood, cereal, mixed, dry fortified",SR Legacy,170964,,BabyFoods,2019-04-01
"Babyfood, cereal, high protein, with apple and orange, prepared with whole milk",SR Legacy,173533,,BabyFoods,2019-04-01
"Babyfood, cereal, high protein, with apple and orange, dry",SR Legacy,170973,,BabyFoods,2019-04-01
"Babyfood, cereal, high protein, prepared with whole milk",SR Legacy,173528,,BabyFoods,2019-04-01
"Babyfood, cereal, egg yolks and bacon, junior",SR Legacy,171366,,BabyFoods,2019-04-01
"Babyfood, cereal, brown rice, dry, instant",SR Legacy,169048,,BabyFoods,2019-04-01
"Babyfood, cereal, barley, prepared with whole milk",SR Legacy,172296,,BabyFoods,2019-04-01
"Babyfood, cereal, barley, dry fortified",SR Legacy,171358,,BabyFoods,2019-04-01
"Babyfood, carrots, toddler",SR Legacy,169871,,BabyFoods,2019-04-01
"Babyfood, carrots and beef, strained",SR Legacy,173518,,BabyFoods,2019-04-01
"Babyfood, beverage, GERBER, GRADUATES, FRUIT SPLASHERS",SR Legacy,173519,,BabyFoods,2019-04-01
"Babyfood, banana with mixed berries, strained",SR Legacy,170999,,BabyFoods,2019-04-01
"Babyfood, banana no tapioca, strained",SR Legacy,167732,,BabyFoods,2019-04-01
"Babyfood, banana juice with low fat yogurt",SR Legacy,168090,,BabyFoods,2019-04-01
"Babyfood, banana apple dessert, strained",SR Legacy,167733,,BabyFoods,2019-04-01
"Babyfood, Baby MUM MUM Rice Biscuits",SR Legacy,171001,,BabyFoods,2019-04-01
"Babyfood, apples, dices, toddler",SR Legacy,173511,,BabyFoods,2019-04-01
"Babyfood, apples with ham, strained",SR Legacy,173517,,BabyFoods,2019-04-01
"Babyfood, apple-banana juice",SR Legacy,171351,,BabyFoods,2019-04-01
"Babyfood, apple yogurt dessert, strained",SR Legacy,167690,,BabyFoods,2019-04-01
Baby Ruth,Survey (FNDDS),344099,91715200,Candycontainingchocolate,2019-04-01
"Avocados, raw, Florida",SR Legacy,171707,,FruitsandFruitJuices,2019-04-01
"Avocados, raw, California",SR Legacy,171706,,FruitsandFruitJuices,2019-04-01
"Avocados, raw, all commercial varieties",SR Legacy,171705,,FruitsandFruitJuices,2019-04-01
"Avocado, raw",Survey (FNDDS),341528,63105010,Othervegetablesandcombinations,2019-04-01
Avocado dressing,Survey (FNDDS),343898,83112000,Saladdressingsandvegetableoils,2019-04-01
Atole de chocolate / Champurrado (cornmeal beverage with chocolate and milk),Survey (FNDDS),344418,92613510,Smoothiesandgraindrinks,2019-04-01
Atole de avena (oatmeal beverage with milk),Survey (FNDDS),344415,92611100,Smoothiesandgraindrinks,2019-04-01
Atole (corn meal beverage),Survey (FNDDS),344417,92613010,Smoothiesandgraindrinks,2019-04-01
"Asparagus, raw",SR Legacy,168389,,VegetablesandVegetableProducts,2019-04-01
"Asparagus, raw",Survey (FNDDS),342594,75100800,Othervegetablesandcombinations,2019-04-01
"Asparagus, NS as to form, creamed or with cheese sauce",Survey (FNDDS),343533,75401010,Vegetablemixeddishes,2019-04-01
"Asparagus, frozen, unprepared",SR Legacy,169208,,VegetablesandVegetableProducts,2019-04-01
"Asparagus, frozen, cooked, boiled, drained, without salt",SR Legacy,169209,,VegetablesandVegetableProducts,2019-04-01
"Asparagus, frozen, cooked, boiled, drained, with salt",SR Legacy,168494,,VegetablesandVegetableProducts,2019-04-01
"Asparagus, from frozen, creamed or with cheese sauce",Survey (FNDDS),343535,75401012,Vegetablemixeddishes,2019-04-01
"Asparagus, from fresh, creamed or with cheese sauce",Survey (FNDDS),343534,75401011,Vegetablemixeddishes,2019-04-01
"Asparagus, from canned, creamed or with cheese sauce",Survey (FNDDS),343536,75401013,Vegetablemixeddishes,2019-04-01
"Asparagus, cooked, NS as to form, NS as to fat added in cooking",Survey (FNDDS),342705,75202000,Othervegetablesandcombinations,2019-04-01
,,,,,2019-04-01
"Asparagus, cooked, NS as to form, made with margarine",Survey (FNDDS),342719,75202026,Othervegetablesandcombinations,2019-04-01
"Asparagus, cooked, NS as to form, made with butter",Survey (FNDDS),342718,75202025,Othervegetablesandcombinations,2019-04-01
"Asparagus, cooked, NS as to form, fat not added in cooking",Survey (FNDDS),342709,75202010,Othervegetablesandcombinations,2019-04-01
"Asparagus, cooked, NS as to form, fat added in cooking, NS as to type of fat",Survey (FNDDS),342713,75202020,Othervegetablesandcombinations,2019-04-01
"Asparagus, cooked, from frozen, NS as to fat added in cooking",Survey (FNDDS),342707,75202002,Othervegetablesandcombinations,2019-04-01
"Asparagus, cooked, from frozen, made with oil",Survey (FNDDS),342723,75202031,Othervegetablesandcombinations,2019-04-01
"Asparagus, cooked, from frozen, made with margarine",Survey (FNDDS),342725,75202033,Othervegetablesandcombinations,2019-04-01
"Asparagus, cooked, from frozen, made with butter",Survey (FNDDS),342724,75202032,Othervegetablesandcombinations,2019-04-01
"Asparagus, cooked, from frozen, fat not added in cooking",Survey (FNDDS),342711,75202012,Othervegetablesandcombinations,2019-04-01
"Asparagus, cooked, from frozen, fat added in cooking, NS as to type of fat",Survey (FNDDS),342715,75202022,Othervegetablesandcombinations,2019-04-01
"Asparagus, cooked, from fresh, NS as to fat added in cooking",Survey (FNDDS),342706,75202001,Othervegetablesandcombinations,2019-04-01
"Asparagus, cooked, from fresh, made with oil",Survey (FNDDS),342720,75202027,Othervegetablesandcombinations,2019-04-01
"Asparagus, cooked, from fresh, made with margarine",Survey (FNDDS),342722,75202029,Othervegetablesandcombinations,2019-04-01
"Asparagus, cooked, from fresh, made with butter",Survey (FNDDS),342721,75202028,Othervegetablesandcombinations,2019-04-01
"Asparagus, cooked, from fresh, fat not added in cooking",Survey (FNDDS),342710,75202011,Othervegetablesandcombinations,2019-04-01
"Asparagus, cooked, from fresh, fat added in cooking, NS as to type of fat",Survey (FNDDS),342714,75202021,Othervegetablesandcombinations,2019-04-01
"Asparagus, cooked, from canned, NS as to fat added in cooking",Survey (FNDDS),342708,75202003,Othervegetablesandcombinations,2019-04-01
"Asparagus, cooked, from canned, made with oil",Survey (FNDDS),342726,75202034,Othervegetablesandcombinations,2019-04-01
"Asparagus, cooked, from canned, made with margarine",Survey (FNDDS),342728,75202036,Othervegetablesandcombinations,2019-04-01
"Asparagus, cooked, from canned, made with butter",Survey (FNDDS),342727,75202035,Othervegetablesandcombinations,2019-04-01
"Asparagus, cooked, from canned, fat not added in cooking",Survey (FNDDS),342712,75202013,Othervegetablesandcombinations,2019-04-01
"Asparagus, cooked, from canned, fat added in cooking, NS as to type of fat",Survey (FNDDS),342716,75202023,Othervegetablesandcombinations,2019-04-01
"Asparagus, cooked, boiled, drained, with salt",SR Legacy,169313,,VegetablesandVegetableProducts,2019-04-01
"Asparagus, cooked, boiled, drained",SR Legacy,168390,,VegetablesandVegetableProducts,2019-04-01
"Asparagus, canned, no salt added, solids and liquids",SR Legacy,169314,,VegetablesandVegetableProducts,2019-04-01
"Asparagus, canned, drained solids",SR Legacy,169207,,VegetablesandVegetableProducts,2019-04-01
"Asparagus soup, cream of, prepared with water",Survey (FNDDS),343690,75601020,Soups,2019-04-01
"Asparagus soup, cream of, prepared with milk",Survey (FNDDS),343689,75601010,Soups,2019-04-01
"Asparagus soup, cream of, NS as to made with milk or water",Survey (FNDDS),343688,75601000,Soups,2019-04-01
"Asian chicken or turkey garden salad with crispy noodles (chicken and/or turkey, lettuce, fruit, nuts, crispy noodles), no dressing",Survey (FNDDS),338487,27446355,Poultrymixeddishes,2019-04-01
"Asian chicken or turkey garden salad (chicken and/or turkey, lettuce, fruit, nuts), no dressing",Survey (FNDDS),338486,27446350,Poultrymixeddishes,2019-04-01
Ascidians (tunughnak) (Alaska Native),SR Legacy,168978,,AmericanIndian/AlaskaNativeFoods,2019-04-01
"Arugula, raw",SR Legacy,169387,,VegetablesandVegetableProducts,2019-04-01
"Artificial Blueberry Muffin Mix, dry",SR Legacy,175078,,BakedProducts,2019-04-01
"Artichokes, stuffed",Survey (FNDDS),343532,75400500,Vegetablemixeddishes,2019-04-01
"Artichokes, (globe or french), raw",SR Legacy,169205,,VegetablesandVegetableProducts,2019-04-01
,,,,,2019-04-01
"Artichokes, (globe or french), frozen, unprepared",SR Legacy,168387,,VegetablesandVegetableProducts,2019-04-01
"Artichokes, (globe or french), frozen, cooked, boiled, drained, with salt",SR Legacy,169312,,VegetablesandVegetableProducts,2019-04-01
"Artichokes, (globe or french), cooked, boiled, drained, without salt",SR Legacy,168386,,VegetablesandVegetableProducts,2019-04-01
"Artichokes, (globe or french), cooked, boiled, drained, with salt",SR Legacy,169311,,VegetablesandVegetableProducts,2019-04-01
"Artichoke, Jerusalem, raw",Survey (FNDDS),342593,75100750,Othervegetablesandcombinations,2019-04-01
"Artichoke, cooked, NS as to form, NS as to fat added in cooking",Survey (FNDDS),342680,75201000,Othervegetablesandcombinations,2019-04-01
"Artichoke, cooked, NS as to form, made with oil",Survey (FNDDS),342693,75201031,Othervegetablesandcombinations,2019-04-01
"Artichoke, cooked, NS as to form, made with margarine",Survey (FNDDS),342695,75201033,Othervegetablesandcombinations,2019-04-01
"Artichoke, cooked, NS as to form, made with butter",Survey (FNDDS),342694,75201032,Othervegetablesandcombinations,2019-04-01
"Artichoke, cooked, NS as to form, fat not added in cooking",Survey (FNDDS),342684,75201010,Othervegetablesandcombinations,2019-04-01
"Artichoke, cooked, NS as to form, fat added in cooking, NS as to type of fat",Survey (FNDDS),342688,75201020,Othervegetablesandcombinations,2019-04-01
"Artichoke, cooked, from frozen, NS as to fat added in cooking",Survey (FNDDS),342682,75201002,Othervegetablesandcombinations,2019-04-01
"Artichoke, cooked, from frozen, made with oil",Survey (FNDDS),342702,75201040,Othervegetablesandcombinations,2019-04-01
,,,,,2019-04-01
"Artichoke, cooked, from frozen, made with butter",Survey (FNDDS),342703,75201041,Othervegetablesandcombinations,2019-04-01
,,,,,2019-04-01
"Artichoke, cooked, from frozen, fat added in cooking, NS as to type of fat",Survey (FNDDS),342690,75201022,Othervegetablesandcombinations,2019-04-01
"Artichoke, cooked, from fresh, NS as to fat added in cooking",Survey (FNDDS),342681,75201001,Othervegetablesandcombinations,2019-04-01
"Artichoke, cooked, from fresh, made with oil",Survey (FNDDS),342696,75201034,Othervegetablesandcombinations,2019-04-01
"Artichoke, cooked, from fresh, made with margarine",Survey (FNDDS),342698,75201036,Othervegetablesandcombinations,2019-04-01
"Artichoke, cooked, from fresh, made with butter",Survey (FNDDS),342697,75201035,Othervegetablesandcombinations,2019-04-01
"Artichoke, cooked, from fresh, fat not added in cooking",Survey (FNDDS),342685,75201011,Othervegetablesandcombinations,2019-04-01
"Artichoke, cooked, from fresh, fat added in cooking, NS as to type of fat",Survey (FNDDS),342689,75201021,Othervegetablesandcombinations,2019-04-01
"Artichoke, cooked, from canned, NS as to fat added in cooking",Survey (FNDDS),342683,75201003,Othervegetablesandcombinations,2019-04-01
"Artichoke, cooked, from canned, made with oil",Survey (FNDDS),342699,75201037,Othervegetablesandcombinations,2019-04-01
"Artichoke, cooked, from canned, made with margarine",Survey (FNDDS),342701,75201039,Othervegetablesandcombinations,2019-04-01
"Artichoke, cooked, from canned, made with butter",Survey (FNDDS),342700,75201038,Othervegetablesandcombinations,2019-04-01
"Artichoke, cooked, from canned, fat not added in cooking",Survey (FNDDS),342687,75201013,Othervegetablesandcombinations,2019-04-01
"Artichoke, cooked, from canned, fat added in cooking, NS as to type of fat",Survey (FNDDS),342691,75201023,Othervegetablesandcombinations,2019-04-01
Artichoke salad in oil,Survey (FNDDS),342692,75201030,Vegetablemixeddishes,2019-04-01
"Arrowroot, raw",SR Legacy,168490,,VegetablesandVegetableProducts,2019-04-01
Arrowroot flour,SR Legacy,170684,,CerealGrainsandPasta,2019-04-01
"Arrowhead, raw",SR Legacy,169203,,VegetablesandVegetableProducts,2019-04-01
"Arrowhead, cooked, boiled, drained, without salt",SR Legacy,169204,,VegetablesandVegetableProducts,2019-04-01
"Arrowhead, cooked, boiled, drained, with salt",SR Legacy,168493,,VegetablesandVegetableProducts,2019-04-01
"Armadillo, cooked",Survey (FNDDS),337073,23340100,"Lamb,goat,game",2019-04-01
"Archway Home Style Cookies, Strawberry Filled",SR Legacy,175076,,BakedProducts,2019-04-01
"Archway Home Style Cookies, Reduced Fat Ginger Snaps",SR Legacy,175077,,BakedProducts,2019-04-01
"Archway Home Style Cookies, Raspberry Filled",SR Legacy,173253,,BakedProducts,2019-04-01
"Archway Home Style Cookies, Peanut Butter",SR Legacy,173252,,BakedProducts,2019-04-01
"Archway Home Style Cookies, Old Fashioned Windmill Cookies",SR Legacy,173251,,BakedProducts,2019-04-01
"Archway Home Style Cookies, Old Fashioned Molasses",SR Legacy,173250,,BakedProducts,2019-04-01
"Archway Home Style Cookies, Oatmeal Raisin",SR Legacy,175075,,BakedProducts,2019-04-01
"Archway Home Style Cookies, Oatmeal",SR Legacy,175074,,BakedProducts,2019-04-01
"Archway Home Style Cookies, Molasses",SR Legacy,175073,,BakedProducts,2019-04-01
"Archway Home Style Cookies, Iced Oatmeal",SR Legacy,175072,,BakedProducts,2019-04-01
"Archway Home Style Cookies, Iced Molasses",SR Legacy,173249,,BakedProducts,2019-04-01
"Archway Home Style Cookies, Frosty Lemon",SR Legacy,173248,,BakedProducts,2019-04-01
"Archway Home Style Cookies, Dutch Cocoa",SR Legacy,173247,,BakedProducts,2019-04-01
"Archway Home Style Cookies, Date Filled Oatmeal",SR Legacy,173246,,BakedProducts,2019-04-01
"Archway Home Style Cookies, Coconut Macaroon",SR Legacy,173245,,BakedProducts,2019-04-01
"Archway Home Style Cookies, Chocolate Chip Ice Box",SR Legacy,175071,,BakedProducts,2019-04-01
"ARBY'S, roast beef sandwich, classic",SR Legacy,170791,,FastFoods,2019-04-01
"Apricots, raw",SR Legacy,171697,,FruitsandFruitJuices,2019-04-01
"Apricots, frozen, sweetened",SR Legacy,171703,,FruitsandFruitJuices,2019-04-01
"Apricots, dried, sulfured, uncooked",SR Legacy,173941,,FruitsandFruitJuices,2019-04-01
"Apricots, dried, sulfured, stewed, without added sugar",SR Legacy,173942,,FruitsandFruitJuices,2019-04-01
"Apricots, dried, sulfured, stewed, with added sugar",SR Legacy,173943,,FruitsandFruitJuices,2019-04-01
"Apricots, dehydrated (low-moisture), sulfured, uncooked",SR Legacy,171702,,FruitsandFruitJuices,2019-04-01
"Apricots, dehydrated (low-moisture), sulfured, stewed",SR Legacy,173940,,FruitsandFruitJuices,2019-04-01
"Apricots, canned, water pack, without skin, solids and liquids",SR Legacy,173936,,FruitsandFruitJuices,2019-04-01
"Apricots, canned, water pack, with skin, solids and liquids",SR Legacy,171698,,FruitsandFruitJuices,2019-04-01
"Apricots, canned, light syrup pack, with skin, solids and liquids",SR Legacy,173939,,FruitsandFruitJuices,2019-04-01
"Apricots, canned, juice pack, with skin, solids and liquids",SR Legacy,173937,,FruitsandFruitJuices,2019-04-01
"Apricots, canned, heavy syrup, drained",SR Legacy,167768,,FruitsandFruitJuices,2019-04-01
"Apricots, canned, heavy syrup pack, without skin, solids and liquids",SR Legacy,171700,,FruitsandFruitJuices,2019-04-01
"Apricots, canned, heavy syrup pack, with skin, solids and liquids",SR Legacy,171699,,FruitsandFruitJuices,2019-04-01
"Apricots, canned, extra light syrup pack, with skin, solids and liquids (Includes foods for USDA's Food Distribution Program)",SR Legacy,173938,,FruitsandFruitJuices,2019-04-01
"Apricots, canned, extra heavy syrup pack, without skin, solids and liquids",SR Legacy,171701,,FruitsandFruitJuices,2019-04-01
"Apricots, baby food, strained",Survey (FNDDS),341820,67307010,Babyfood:fruit,2019-04-01
"Apricots, baby food, NS as to strained or junior",Survey (FNDDS),341819,67307000,Babyfood:fruit,2019-04-01
"Apricots, baby food, junior",Survey (FNDDS),341821,67307020,Babyfood:fruit,2019-04-01
"Apricot, raw",Survey (FNDDS),341521,63103010,Otherfruitsandfruitsalads,2019-04-01
"Apricot, dried, uncooked",Survey (FNDDS),341472,62104100,Driedfruits,2019-04-01
"Apricot, dried, cooked, with sugar",Survey (FNDDS),341475,62104230,Driedfruits,2019-04-01
"Apricot, dried, cooked, unsweetened",Survey (FNDDS),341474,62104220,Driedfruits,2019-04-01
"Apricot, dried, cooked, NS as to sweetened or unsweetened; sweetened, NS as to type of sweetener",Survey (FNDDS),341473,62104200,Driedfruits,2019-04-01
"Apricot, cooked or canned, unsweetened, water pack",Survey (FNDDS),341523,63103120,Otherfruitsandfruitsalads,2019-04-01
"Apricot, cooked or canned, NS as to sweetened or unsweetened; sweetened, NS as to type of sweetener",Survey (FNDDS),341522,63103110,Otherfruitsandfruitsalads,2019-04-01
"Apricot, cooked or canned, juice pack",Survey (FNDDS),341527,63103170,Otherfruitsandfruitsalads,2019-04-01
"Apricot, cooked or canned, in light syrup",Survey (FNDDS),341525,63103140,Otherfruitsandfruitsalads,2019-04-01
"Apricot, cooked or canned, in heavy syrup",Survey (FNDDS),341524,63103130,Otherfruitsandfruitsalads,2019-04-01
"Apricot, cooked or canned, drained solids",Survey (FNDDS),341526,63103150,Otherfruitsandfruitsalads,2019-04-01
"Apricot nectar, canned, with added ascorbic acid",SR Legacy,171704,,FruitsandFruitJuices,2019-04-01
Apricot nectar,Survey (FNDDS),341746,64201010,Fruitdrinks,2019-04-01
"Applesauce, stewed apples, unsweetened",Survey (FNDDS),341510,63101120,Apples,2019-04-01
"Applesauce, stewed apples, sweetened with low calorie sweetener",Survey (FNDDS),341512,63101140,Apples,2019-04-01
"Applesauce, stewed apples, NS as to sweetened or unsweetened; sweetened, NS as to type of sweetener",Survey (FNDDS),341509,63101110,Apples,2019-04-01
"Applesauce, canned, unsweetened, without added ascorbic acid (Includes foods for USDA's Food Distribution Program)",SR Legacy,171695,,FruitsandFruitJuices,2019-04-01
"Applesauce, canned, unsweetened, with added ascorbic acid",SR Legacy,167772,,FruitsandFruitJuices,2019-04-01
"Applesauce, canned, sweetened, without salt",SR Legacy,171696,,FruitsandFruitJuices,2019-04-01
"Applesauce, canned, sweetened, with salt",SR Legacy,167773,,FruitsandFruitJuices,2019-04-01
"Applesauce, baby food, strained",Survey (FNDDS),341765,67102010,Babyfood:fruit,2019-04-01
"Applesauce, baby food, NS as to strained or junior",Survey (FNDDS),341764,67102000,Babyfood:fruit,2019-04-01
"Applesauce, baby food, junior",Survey (FNDDS),341766,67102020,Babyfood:fruit,2019-04-01
Applesauce with other fruits,Survey (FNDDS),341513,63101150,Apples,2019-04-01
"Applesauce with cherries, baby food, strained",Survey (FNDDS),341773,67104070,Babyfood:fruit,2019-04-01
"Applesauce with cherries, baby food, NS as to strained or junior",Survey (FNDDS),341775,67104090,Babyfood:fruit,2019-04-01
"Applesauce with cherries, baby food, junior",Survey (FNDDS),341774,67104080,Babyfood:fruit,2019-04-01
"Applesauce with bananas, baby food, strained",Survey (FNDDS),341771,67104040,Babyfood:fruit,2019-04-01
"Applesauce with bananas, baby food, NS as to strained or junior",Survey (FNDDS),341770,67104030,Babyfood:fruit,2019-04-01
"Applesauce with bananas, baby food, junior",Survey (FNDDS),341772,67104060,Babyfood:fruit,2019-04-01
"Applesauce and apricots, baby food, strained",Survey (FNDDS),341768,67104010,Babyfood:fruit,2019-04-01
"Applesauce and apricots, baby food, NS as to strained or junior",Survey (FNDDS),341767,67104000,Babyfood:fruit,2019-04-01
"Applesauce and apricots, baby food, junior",Survey (FNDDS),341769,67104020,Babyfood:fruit,2019-04-01
"Apples, raw, without skin, cooked, microwave",SR Legacy,173929,,FruitsandFruitJuices,2019-04-01
"Apples, raw, without skin, cooked, boiled",SR Legacy,173928,,FruitsandFruitJuices,2019-04-01
"Apples, raw, without skin",SR Legacy,171689,,FruitsandFruitJuices,2019-04-01
"Apples, raw, with skin (Includes foods for USDA's Food Distribution Program)",SR Legacy,171688,,FruitsandFruitJuices,2019-04-01
"Apples, raw, red delicious, with skin (Includes foods for USDA's Food Distribution Program)",SR Legacy,168201,,FruitsandFruitJuices,2019-04-01
"Apples, raw, granny smith, with skin (Includes foods for USDA's Food Distribution Program)",SR Legacy,168203,,FruitsandFruitJuices,2019-04-01
"Apples, raw, golden delicious, with skin",SR Legacy,168202,,FruitsandFruitJuices,2019-04-01
"Apples, raw, gala, with skin (Includes foods for USDA's Food Distribution Program)",SR Legacy,168204,,FruitsandFruitJuices,2019-04-01
"Apples, raw, fuji, with skin (Includes foods for USDA's Food Distribution Program)",SR Legacy,167793,,FruitsandFruitJuices,2019-04-01
"Apples, frozen, unsweetened, unheated (Includes foods for USDA's Food Distribution Program)",SR Legacy,171694,,FruitsandFruitJuices,2019-04-01
"Apples, frozen, unsweetened, heated (Includes foods for USDA's Food Distribution Program)",SR Legacy,173932,,FruitsandFruitJuices,2019-04-01
"Apples, dried, sulfured, uncooked",SR Legacy,171691,,FruitsandFruitJuices,2019-04-01
"Apples, dried, sulfured, stewed, without added sugar",SR Legacy,171692,,FruitsandFruitJuices,2019-04-01
"Apples, dried, sulfured, stewed, with added sugar",SR Legacy,171693,,FruitsandFruitJuices,2019-04-01
"Apples, dehydrated (low moisture), sulfured, uncooked",SR Legacy,173931,,FruitsandFruitJuices,2019-04-01
"Apples, dehydrated (low moisture), sulfured, stewed",SR Legacy,171690,,FruitsandFruitJuices,2019-04-01
"Apples, canned, sweetened, sliced, drained, heated",SR Legacy,173930,,FruitsandFruitJuices,2019-04-01
"Apples, baby food, toddler",Survey (FNDDS),341760,67100300,Babyfood:fruit,2019-04-01
"Apples with ham, baby food, strained",Survey (FNDDS),341855,67501100,Babyfood:meatanddinners,2019-04-01
"Apples and sweet potatoes, baby food, strained",Survey (FNDDS),341856,67600100,Babyfood:fruit,2019-04-01
"Apples and pears, baby food, strained",Survey (FNDDS),341790,67113010,Babyfood:fruit,2019-04-01
"Apples and pears, baby food, NS as to strained or junior",Survey (FNDDS),341789,67113000,Babyfood:fruit,2019-04-01
"Apples and pears, baby food, junior",Survey (FNDDS),341791,67113020,Babyfood:fruit,2019-04-01
"Apples and chicken, baby food, strained",Survey (FNDDS),341854,67501000,Babyfood:meatanddinners,2019-04-01
"APPLEBEE'S, mozzarella sticks",SR Legacy,169011,,RestaurantFoods,2019-04-01
"APPLEBEE'S, KRAFT, Macaroni & Cheese, from kid's menu",SR Legacy,169010,,RestaurantFoods,2019-04-01
"APPLEBEE'S, french fries",SR Legacy,169009,,RestaurantFoods,2019-04-01
"APPLEBEE'S, fish, hand battered",SR Legacy,169017,,RestaurantFoods,2019-04-01
"APPLEBEE'S, Double Crunch Shrimp",SR Legacy,169008,,RestaurantFoods,2019-04-01
"APPLEBEE'S, coleslaw",SR Legacy,169020,,RestaurantFoods,2019-04-01
"APPLEBEE'S, chili",SR Legacy,169018,,RestaurantFoods,2019-04-01
"APPLEBEE'S, chicken tenders, from kids' menu",SR Legacy,169012,,RestaurantFoods,2019-04-01
"APPLEBEE'S, chicken tenders platter",SR Legacy,169841,,RestaurantFoods,2019-04-01
"APPLEBEE'S, 9 oz house sirloin steak",SR Legacy,169831,,RestaurantFoods,2019-04-01
"Apple-sweet potato juice, baby food",Survey (FNDDS),341809,67230000,Babyjuice,2019-04-01
"Apple-raspberry, baby food, strained",Survey (FNDDS),341762,67101010,Babyfood:fruit,2019-04-01
"Apple-raspberry, baby food, NS as to strained or junior",Survey (FNDDS),341761,67101000,Babyfood:fruit,2019-04-01
"Apple-raspberry, baby food, junior",Survey (FNDDS),341763,67101020,Babyfood:fruit,2019-04-01
"Apple-prune juice, baby food",Survey (FNDDS),341802,67203700,Babyjuice,2019-04-01
"Apple-peach juice, baby food",Survey (FNDDS),341801,67203600,Babyjuice,2019-04-01
"Apple-grape juice, baby food",Survey (FNDDS),341800,67203500,Babyjuice,2019-04-01
"Apple-fruit juice blend, baby food",Survey (FNDDS),341797,67203000,Babyjuice,2019-04-01
"Apple-cherry juice, baby food",Survey (FNDDS),341799,67203400,Babyjuice,2019-04-01
"Apple-banana juice, baby food",Survey (FNDDS),341798,67203200,Babyjuice,2019-04-01
"Apple, raw",Survey (FNDDS),341508,63101000,Apples,2019-04-01
"Apple, pickled",Survey (FNDDS),341519,63101420,Apples,2019-04-01
"Apple, fried",Survey (FNDDS),341520,63101500,Apples,2019-04-01
"Apple, dried, uncooked",Survey (FNDDS),341467,62101100,Driedfruits,2019-04-01
"Apple, dried, cooked, with sugar",Survey (FNDDS),341470,62101230,Driedfruits,2019-04-01
"Apple, dried, cooked, unsweetened",Survey (FNDDS),341469,62101220,Driedfruits,2019-04-01
"Apple, dried, cooked, NS as to sweetened or unsweetened; sweetened, NS as to type of sweetener",Survey (FNDDS),341468,62101200,Driedfruits,2019-04-01
"Apple, cooked or canned, with syrup",Survey (FNDDS),341514,63101210,Apples,2019-04-01
"Apple, candied",Survey (FNDDS),341692,63401060,Apples,2019-04-01
"Apple, baked, with sugar",Survey (FNDDS),341517,63101330,Apples,2019-04-01
"Apple, baked, unsweetened",Survey (FNDDS),341516,63101320,Apples,2019-04-01
"Apple, baked, NS as to added sweetener",Survey (FNDDS),341515,63101310,Apples,2019-04-01
"Apple yogurt dessert, baby food, strained",Survey (FNDDS),341832,67404070,Babyfood:yogurt,2019-04-01
Apple salad with dressing,Survey (FNDDS),341691,63401010,Otherfruitsandfruitsalads,2019-04-01
"Apple rings, fried",Survey (FNDDS),341518,63101410,Apples,2019-04-01
"Apple juice, with added calcium, baby food",Survey (FNDDS),341796,67202010,Babyjuice,2019-04-01
"Apple juice, frozen concentrate, unsweetened, undiluted, without added ascorbic acid",SR Legacy,173934,,FruitsandFruitJuices,2019-04-01
"Apple juice, frozen concentrate, unsweetened, undiluted, with added ascorbic acid",SR Legacy,168188,,FruitsandFruitJuices,2019-04-01
"Apple juice, frozen concentrate, unsweetened, diluted with 3 volume water, with added ascorbic acid",SR Legacy,167775,,FruitsandFruitJuices,2019-04-01
"Apple juice, frozen concentrate, unsweetened, diluted with 3 volume water without added ascorbic acid",SR Legacy,173935,,FruitsandFruitJuices,2019-04-01
"Apple juice, canned or bottled, unsweetened, without added ascorbic acid",SR Legacy,173933,,FruitsandFruitJuices,2019-04-01
"Apple juice, canned or bottled, unsweetened, with added ascorbic acid, calcium, and potassium",SR Legacy,167800,,FruitsandFruitJuices,2019-04-01
"Apple juice, canned or bottled, unsweetened, with added ascorbic acid",SR Legacy,167771,,FruitsandFruitJuices,2019-04-01
"Apple juice, baby food",Survey (FNDDS),341795,67202000,Babyjuice,2019-04-01
"Apple juice, 100%, with calcium added",Survey (FNDDS),341728,64104030,Applejuice,2019-04-01
"Apple juice, 100%",Survey (FNDDS),341727,64104010,Applejuice,2019-04-01
"Apple juice beverage, 40-50% juice, light",Survey (FNDDS),344399,92550360,Fruitdrinks,2019-04-01
Apple Jacks,Survey (FNDDS),340545,57104000,"Ready-to-eatcereal,highersugar(>21.2g/100g)",2019-04-01
Apple Cinnamon Cheerios,Survey (FNDDS),340544,57103100,"Ready-to-eatcereal,highersugar(>21.2g/100g)",2019-04-01
Apple cider,Survey (FNDDS),341726,64101010,Applejuice,2019-04-01
Apple chips,Survey (FNDDS),341471,62101300,Driedfruits,2019-04-01
"Antipasto with ham, fish, cheese, vegetables",Survey (FNDDS),338545,27460510,Meatmixeddishes,2019-04-01
Anisette toast,Survey (FNDDS),339606,51187020,Cookiesandbrownies,2019-04-01
"Animal fat, bacon grease",SR Legacy,172345,,FatsandOils,2019-04-01
"Andrea's, Gluten Free Soft Dinner Roll",SR Legacy,167590,,BakedProducts,2019-04-01
"Anchovy, cooked, NS as to cooking method",Survey (FNDDS),337556,26101110,Fish,2019-04-01
"Anchovy, canned",Survey (FNDDS),337557,26101180,Fish,2019-04-01
"America's Store Brand, infant formula, ready-to-feed",Survey (FNDDS),336408,11710963,"Formula,ready-to-feed",2019-04-01
"America's Store Brand, infant formula, prepared from powder, made with water, NFS",Survey (FNDDS),336407,11710962,"Formula,preparedfrompowder",2019-04-01
"America's Store Brand, infant formula, prepared from powder, made with tap water",Survey (FNDDS),336412,11710967,"Formula,preparedfrompowder",2019-04-01
"America's Store Brand, infant formula, prepared from powder, made with plain bottled water",Survey (FNDDS),336413,11710968,"Formula,preparedfrompowder",2019-04-01
"America's Store Brand, infant formula, prepared from powder, made with baby water",Survey (FNDDS),336414,11710969,"Formula,preparedfrompowder",2019-04-01
"America's Store Brand, infant formula, prepared from liquid concentrate, made with water, NFS",Survey (FNDDS),336406,11710961,"Formula,preparedfromconcentrate",2019-04-01
"America's Store Brand, infant formula, prepared from liquid concentrate, made with tap water",Survey (FNDDS),336409,11710964,"Formula,preparedfromconcentrate",2019-04-01
"America's Store Brand, infant formula, prepared from liquid concentrate, made with plain bottled water",Survey (FNDDS),336410,11710965,"Formula,preparedfromconcentrate",2019-04-01
"America's Store Brand, infant formula, prepared from liquid concentrate, made with baby water",Survey (FNDDS),336411,11710966,"Formula,preparedfromconcentrate",2019-04-01
"America's Store Brand, infant formula, NS as to form",Survey (FNDDS),336405,11710960,"Formula,ready-to-feed",2019-04-01
"America's Store Brand Soy, infant formula, ready-to-feed",Survey (FNDDS),336463,11720801,"Formula,ready-to-feed",2019-04-01
"America's Store Brand Soy, infant formula, prepared from powder, made with water, NFS",Survey (FNDDS),336465,11720803,"Formula,preparedfrompowder",2019-04-01
"America's Store Brand Soy, infant formula, prepared from powder, made with tap water",Survey (FNDDS),336469,11720807,"Formula,preparedfrompowder",2019-04-01
"America's Store Brand Soy, infant formula, prepared from powder, made with plain bottled water",Survey (FNDDS),336470,11720808,"Formula,preparedfrompowder",2019-04-01
"America's Store Brand Soy, infant formula, prepared from powder, made with baby water",Survey (FNDDS),336471,11720809,"Formula,preparedfrompowder",2019-04-01
"America's Store Brand Soy, infant formula, prepared from liquid concentrate, made with water, NFS",Survey (FNDDS),336464,11720802,"Formula,preparedfromconcentrate",2019-04-01
"America's Store Brand Soy, infant formula, prepared from liquid concentrate, made with tap water",Survey (FNDDS),336466,11720804,"Formula,preparedfromconcentrate",2019-04-01
"America's Store Brand Soy, infant formula, prepared from liquid concentrate, made with plain bottled water",Survey (FNDDS),336467,11720805,"Formula,preparedfromconcentrate",2019-04-01
"America's Store Brand Soy, infant formula, prepared from liquid concentrate, made with baby water",Survey (FNDDS),336468,11720806,"Formula,preparedfromconcentrate",2019-04-01
Ambrosia,Survey (FNDDS),341677,63301010,Otherfruitsandfruitsalads,2019-04-01
"America's Store Brand Soy, infant formula, NS as to form",Survey (FNDDS),336462,11720800,"Formula,ready-to-feed",2019-04-01
"Amaranth leaves, raw",SR Legacy,168385,,VegetablesandVegetableProducts,2019-04-01
"Amaranth leaves, cooked, boiled, drained, without salt",SR Legacy,169202,,VegetablesandVegetableProducts,2019-04-01
"Amaranth leaves, cooked, boiled, drained, with salt",SR Legacy,168492,,VegetablesandVegetableProducts,2019-04-01
"Amaranth grain, uncooked",SR Legacy,170682,,CerealGrainsandPasta,2019-04-01
"Amaranth grain, cooked",SR Legacy,170683,,CerealGrainsandPasta,2019-04-01
Alpha-bits with marshmallows,Survey (FNDDS),340543,57103020,"Ready-to-eatcereal,highersugar(>21.2g/100g)",2019-04-01
Alpha-Bits,Survey (FNDDS),340542,57103000,"Ready-to-eatcereal,lowersugar(=<21.2g/100g)",2019-04-01
Alpen,Survey (FNDDS),340541,57102000,"Ready-to-eatcereal,lowersugar(=<21.2g/100g)",2019-04-01
Aloe vera juice drink,Survey (FNDDS),342679,75200700,Otherfruitjuice,2019-04-01
"Almonds, yogurt-covered",Survey (FNDDS),344039,91701030,Candynotcontainingchocolate,2019-04-01
"Almonds, unroasted",Survey (FNDDS),339418,42101000,Nutsandseeds,2019-04-01
"Almonds, sugar-coated",Survey (FNDDS),344038,91701020,Candynotcontainingchocolate,2019-04-01
"Almonds, roasted",Survey (FNDDS),339419,42101100,Nutsandseeds,2019-04-01
"Almonds, NFS",Survey (FNDDS),339417,42100100,Nutsandseeds,2019-04-01
"Almonds, honey-roasted",Survey (FNDDS),339422,42101350,Nutsandseeds,2019-04-01
"Almonds, dry roasted, without salt",Survey (FNDDS),339421,42101210,Nutsandseeds,2019-04-01
"Almonds, dry roasted, salted",Survey (FNDDS),339420,42101200,Nutsandseeds,2019-04-01
"Almonds, chocolate covered",Survey (FNDDS),344037,91701010,Candycontainingchocolate,2019-04-01
Almond paste (Marzipan paste),Survey (FNDDS),339461,42200600,Nutsandseeds,2019-04-01
Almond oil,Survey (FNDDS),343867,82101300,Saladdressingsandvegetableoils,2019-04-01
"Almond milk, unsweetened, chocolate",Survey (FNDDS),336109,11350030,Milksubstitutes,2019-04-01
"Almond milk, unsweetened",Survey (FNDDS),336108,11350020,Milksubstitutes,2019-04-01
"Almond milk, sweetened, chocolate",Survey (FNDDS),336107,11350010,Milksubstitutes,2019-04-01
"Almond milk, sweetened",Survey (FNDDS),336106,11350000,Milksubstitutes,2019-04-01
Almond chicken,Survey (FNDDS),338467,27445250,Stir-fryandsoy-basedsaucemixtures,2019-04-01
"All-Bran Complete Wheat Flakes, Kellogg's",Survey (FNDDS),340594,57208000,"Ready-to-eatcereal,lowersugar(=<21.2g/100g)",2019-04-01
"All-Bran Bran Buds, Kellogg's (formerly Bran Buds)",Survey (FNDDS),340553,57110000,"Ready-to-eatcereal,highersugar(>21.2g/100g)",2019-04-01
All-Bran,Survey (FNDDS),340540,57101000,"Ready-to-eatcereal,lowersugar(=<21.2g/100g)",2019-04-01
Alfredo sauce,Survey (FNDDS),336802,14650160,"Dips,gravies,othersauces",2019-04-01
"Alfalfa sprouts, raw",Survey (FNDDS),342592,75100500,Othervegetablesandcombinations,2019-04-01
"Alfalfa seeds, sprouted, raw",SR Legacy,168384,,VegetablesandVegetableProducts,2019-04-01
Alexander,Survey (FNDDS),344439,93301010,Liquorandcocktails,2019-04-01
"Alcoholic malt beverage, sweetened",Survey (FNDDS),344432,93106000,Beer,2019-04-01
"Alcoholic malt beverage, higher alcohol, sweetened",Survey (FNDDS),344433,93106010,Beer,2019-04-01
,,,,,2019-04-01
"Alcoholic beverages, wine, rose",SR Legacy,171908,,Beverages,2019-04-01
"Alcoholic beverages, beer, higher alcohol",SR Legacy,171906,,Beverages,2019-04-01
"Alcoholic beverage, wine, table, white, Semillon",SR Legacy,174845,,Beverages,2019-04-01
"Alcoholic beverage, wine, table, white, Sauvignon Blanc",SR Legacy,173201,,Beverages,2019-04-01
"Alcoholic beverage, wine, table, white, Riesling",SR Legacy,173200,,Beverages,2019-04-01
"Alcoholic beverage, wine, table, white, Pinot Gris (Grigio)",SR Legacy,174841,,Beverages,2019-04-01
"Alcoholic beverage, wine, table, white, Pinot Blanc",SR Legacy,174848,,Beverages,2019-04-01
"Alcoholic beverage, wine, table, white, Muscat",SR Legacy,174849,,Beverages,2019-04-01
"Alcoholic beverage, wine, table, white, Muller Thurgau",SR Legacy,173198,,Beverages,2019-04-01
"Alcoholic beverage, wine, table, white, late harvest, Gewurztraminer",SR Legacy,174844,,Beverages,2019-04-01
"Alcoholic beverage, wine, table, white, late harvest",SR Legacy,173202,,Beverages,2019-04-01
"Alcoholic beverage, wine, table, white, Gewurztraminer",SR Legacy,174843,,Beverages,2019-04-01
"Alcoholic beverage, wine, table, white, Fume Blanc",SR Legacy,173196,,Beverages,2019-04-01
"Alcoholic beverage, wine, table, white, Chenin Blanc",SR Legacy,173195,,Beverages,2019-04-01
"Alcoholic beverage, wine, table, white, Chardonnay",SR Legacy,174110,,Beverages,2019-04-01
"Alcoholic beverage, wine, table, white",SR Legacy,174837,,Beverages,2019-04-01
"Alcoholic Beverage, wine, table, red, Zinfandel",SR Legacy,173192,,Beverages,2019-04-01
"Alcoholic Beverage, wine, table, red, Syrah",SR Legacy,174836,,Beverages,2019-04-01
"Alcoholic Beverage, wine, table, red, Sangiovese",SR Legacy,174839,,Beverages,2019-04-01
"Alcoholic Beverage, wine, table, red, Pinot Noir",SR Legacy,174835,,Beverages,2019-04-01
"Alcoholic Beverage, wine, table, red, Petite Sirah",SR Legacy,173193,,Beverages,2019-04-01
"Alcoholic Beverage, wine, table, red, Mouvedre",SR Legacy,174109,,Beverages,2019-04-01
"Alcoholic Beverage, wine, table, red, Merlot",SR Legacy,171925,,Beverages,2019-04-01
"Alcoholic Beverage, wine, table, red, Lemberger",SR Legacy,174838,,Beverages,2019-04-01
"Alcoholic Beverage, wine, table, red, Gamay",SR Legacy,171872,,Beverages,2019-04-01
"Alcoholic Beverage, wine, table, red, Claret",SR Legacy,173194,,Beverages,2019-04-01
"Alcoholic Beverage, wine, table, red, Carignane",SR Legacy,174840,,Beverages,2019-04-01
"Alcoholic Beverage, wine, table, red, Cabernet Sauvignon",SR Legacy,174833,,Beverages,2019-04-01
"Alcoholic Beverage, wine, table, red, Cabernet Franc",SR Legacy,174834,,Beverages,2019-04-01
"Alcoholic Beverage, wine, table, red, Burgundy",SR Legacy,173208,,Beverages,2019-04-01
"Alcoholic Beverage, wine, table, red, Barbera",SR Legacy,173191,,Beverages,2019-04-01
"Alcoholic beverage, wine, table, red",SR Legacy,173190,,Beverages,2019-04-01
"Alcoholic beverage, wine, table, all",SR Legacy,173185,,Beverages,2019-04-01
"Alcoholic beverage, wine, light",SR Legacy,169071,,Beverages,2019-04-01
"Alcoholic beverage, wine, dessert, sweet",SR Legacy,173176,,Beverages,2019-04-01
"Alcoholic beverage, wine, dessert, dry",SR Legacy,175112,,Beverages,2019-04-01
"Alcoholic beverage, wine, cooking",SR Legacy,169070,,Beverages,2019-04-01
"Alcoholic beverage, whiskey sour, prepared with water, whiskey and powder mix",SR Legacy,173164,,Beverages,2019-04-01
"Alcoholic beverage, whiskey sour, prepared from item 14028",SR Legacy,174812,,Beverages,2019-04-01
"Alcoholic beverage, whiskey sour",SR Legacy,173662,,Beverages,2019-04-01
"Alcoholic beverage, tequila sunrise, canned",SR Legacy,168753,,Beverages,2019-04-01
"Alcoholic beverage, rice (sake)",SR Legacy,167723,,Beverages,2019-04-01
"Alcoholic beverage, pina colada, prepared-from-recipe",SR Legacy,168752,,Beverages,2019-04-01
"Alcoholic beverage, pina colada, canned",SR Legacy,168750,,Beverages,2019-04-01
"Alcoholic beverage, malt beer, hard lemonade",SR Legacy,174141,,Beverages,2019-04-01
"Alcoholic beverage, liqueur, coffee, 63 proof",SR Legacy,173665,,Beverages,2019-04-01
"Alcoholic beverage, liqueur, coffee, 53 proof",SR Legacy,175097,,Beverages,2019-04-01
"Alcoholic beverage, liqueur, coffee with cream, 34 proof",SR Legacy,175098,,Beverages,2019-04-01
"Alcoholic beverage, distilled, whiskey, 86 proof",SR Legacy,174819,,Beverages,2019-04-01
"Alcoholic beverage, distilled, vodka, 80 proof",SR Legacy,174818,,Beverages,2019-04-01
"Alcoholic beverage, distilled, rum, 80 proof",SR Legacy,174817,,Beverages,2019-04-01
"Alcoholic beverage, distilled, all (gin, rum, vodka, whiskey) 94 proof",SR Legacy,173663,,Beverages,2019-04-01
"Alcoholic beverage, distilled, all (gin, rum, vodka, whiskey) 90 proof",SR Legacy,171920,,Beverages,2019-04-01
"Alcoholic beverage, distilled, all (gin, rum, vodka, whiskey) 86 proof",SR Legacy,171919,,Beverages,2019-04-01
"Alcoholic beverage, distilled, all (gin, rum, vodka, whiskey) 80 proof",SR Legacy,174815,,Beverages,2019-04-01
"Alcoholic beverage, distilled, all (gin, rum, vodka, whiskey) 100 proof",SR Legacy,173664,,Beverages,2019-04-01
"Alcoholic beverage, daiquiri, prepared-from-recipe",SR Legacy,169574,,Beverages,2019-04-01
"Alcoholic beverage, daiquiri, canned",SR Legacy,169573,,Beverages,2019-04-01
"Alcoholic beverage, creme de menthe, 72 proof",SR Legacy,173168,,Beverages,2019-04-01
"Alcoholic beverage, beer, regular, BUDWEISER",SR Legacy,168747,,Beverages,2019-04-01
"Alcoholic beverage, beer, regular, all",SR Legacy,168746,,Beverages,2019-04-01
"Alcoholic beverage, beer, light, low carb",SR Legacy,169575,,Beverages,2019-04-01
"Alcoholic beverage, beer, light, higher alcohol",SR Legacy,174145,,Beverages,2019-04-01
"Alcoholic beverage, beer, light, BUDWEISER SELECT",SR Legacy,168748,,Beverages,2019-04-01
"Alcoholic beverage, beer, light, BUD LIGHT",SR Legacy,169572,,Beverages,2019-04-01
"Alcoholic beverage, beer, light",SR Legacy,168749,,Beverages,2019-04-01
"Air filled fritter or fried puff, without syrup, Puerto Rican style (Bunuelos de viento)",Survey (FNDDS),340058,53420300,"Doughnuts,sweetrolls,pastries",2019-04-01
"Agutuk, meat-caribou (Alaskan ice cream) (Alaska Native)",SR Legacy,168977,,AmericanIndian/AlaskaNativeFoods,2019-04-01
Acorn stew (Apache),SR Legacy,168061,,AmericanIndian/AlaskaNativeFoods,2019-04-01
"Acerola, (west indian cherry), raw",SR Legacy,171686,,FruitsandFruitJuices,2019-04-01
"Acerola juice, raw",SR Legacy,171687,,FruitsandFruitJuices,2019-04-01
"Abiyuch, raw",SR Legacy,167782,,FruitsandFruitJuices,2019-04-01
"Abalone, steamed or poached",Survey (FNDDS),337891,26301160,Shellfish,2019-04-01
"Abalone, floured or breaded, fried",Survey (FNDDS),337890,26301140,Shellfish,2019-04-01
"Abalone, cooked, NS as to cooking method",Survey (FNDDS),337889,26301110,Shellfish,2019-04-01
3 Musketeers Truffle Crisp Bar,Survey (FNDDS),344121,91726425,Candycontainingchocolate,2019-04-01
,,,,,2019-04-01
"100% Natural Cereal, plain, Quaker",Survey (FNDDS),340679,57319000,"Ready-to-eatcereal,lowersugar(=<21.2g/100g)",2019-04-01
100 GRAND Bar,Survey (FNDDS),344100,91715300,Candycontainingchocolate,2019-04-01
"100 % Natural Wholegrain Cereal with raisins, lowfat, Quaker",Survey (FNDDS),340681,57321500,"Ready-to-eatcereal,highersugar(>21.2g/100g)",2019-04-01
